userId,localStartTime,localEndTime,utcStartTime,utcEndTime,timeInSequence,sessionCompleted,currentSession,totalSequencesAttempted,totalSequencesCorrect,sequencesAttempted,sequencesMissed,sequenceSuccessPercentage
38a900f3ba1041e0b9fc2e2835833241,8/27/2020 1:44:20 PM,8/27/2020 1:44:30 PM,8/27/2020 8:44:20 PM,8/27/2020 8:44:30 PM,0:06,False,3,1,1,[2] [2] [4] ,,1
38a900f3ba1041e0b9fc2e2835833241,8/27/2020 1:44:20 PM,8/27/2020 1:44:39 PM,8/27/2020 8:44:20 PM,8/27/2020 8:44:39 PM,0:04,False,3,2,1,[2] [2] [4] [2] ,[2] [4],0.5
38a900f3ba1041e0b9fc2e2835833241,8/27/2020 1:44:20 PM,8/27/2020 1:44:47 PM,8/27/2020 8:44:20 PM,8/27/2020 8:44:47 PM,0:04,False,3,3,2,[2] [2] [4] ,,0.6666667
38a900f3ba1041e0b9fc2e2835833241,8/27/2020 1:44:20 PM,8/27/2020 1:44:50 PM,8/27/2020 8:44:20 PM,8/27/2020 8:44:50 PM,0:07,True,3,3,2,[2] [2] [4] ,,0.6666667
47977ae9e7d74f978f7da1f83faa8a1e,8/27/2020 3:16:38 PM,8/27/2020 3:16:41 PM,8/27/2020 10:16:38 PM,8/27/2020 10:16:41 PM,0:04,True,1,0,0,,,0
027ff59e4f4643dfbfec81844632d364,8/27/2020 3:36:24 PM,8/27/2020 3:36:27 PM,8/27/2020 10:36:24 PM,8/27/2020 10:36:27 PM,0:04,True,1,0,0,,,0
a807d7e6223b4b3fb436afd244f0944c,8/27/2020 3:51:10 PM,8/27/2020 3:51:11 PM,8/27/2020 10:51:10 PM,8/27/2020 10:51:11 PM,0:01,True,1,0,0,,,0
